Row,count,area,alfa,beta,betaErr,pBeta,R2
Urban-edge,731,69345.5967933,0.0534396757420406,-1.51984477763606,0.0279982266402211,1.82514521545569e-47,0.982659211094517
Wildland,979,28481.42432202,0.383263159226609,-1.79608262755307,0.0301916382933492,1.16549740440454e-40,0.988823660741497
